fecha_dia,intensidad_media_dia
2019-03-01,490.79850493069443
2019-03-02,367.34709596759313
2019-03-03,332.4988112417824
2019-03-04,464.9188935446617
2019-03-05,492.42760727006424
2019-03-06,494.70533448113076
2019-03-07,459.85284773189244
2019-03-08,482.2538659942197
2019-03-09,385.3791665060546
2019-03-10,343.128783287534
2019-03-11,482.3947204133105
2019-03-12,502.98067884965246
2019-03-13,492.91657858159454
2019-03-14,502.91925044860864
2019-03-15,512.8086911073364
2019-03-16,382.5456444913061
2019-03-17,337.8791834197696
2019-03-18,479.8680348234482
2019-03-19,492.0196428820729
2019-03-20,493.77038798281825
2019-03-21,500.3012115729358
2019-03-22,499.93259013800656
2019-03-23,379.84866742568414
2019-03-24,340.45446698436575
2019-03-25,479.50357168727396
2019-03-26,487.20593158396895
2019-03-27,496.1605510090765
2019-03-28,504.29805635429074
2019-03-29,513.2201772116002
2019-03-30,385.5998818376738
2019-03-31,345.5994127239314
2019-04-01,482.81543696405254
2019-04-02,462.9025731702239
2019-04-03,518.7174427339345
2019-04-04,509.1735741760017
2019-04-05,516.6820153851763
2019-04-06,389.6725358224751
2019-04-07,342.35050393510517
2019-04-08,487.80541347874487
2019-04-09,496.40487806254464
2019-04-10,503.98295236482676
2019-04-11,514.9355924943854
2019-04-12,498.30993616913776
2019-04-13,356.8307242214038
2019-04-14,305.2608952785953
2019-04-15,417.12832799804386
2019-04-16,417.0649433689091
2019-04-17,402.91293981526985
2019-04-18,238.52335844690876
2019-04-19,214.1666865590206
2019-04-20,254.3675558058136
2019-04-21,275.9686892606456
2019-04-22,456.58535044836316
2019-04-23,488.84476257538415
2019-04-24,495.09781378666145
2019-04-25,514.6211211904485
2019-04-26,543.300551683129
2019-04-27,398.4235409397798
2019-04-28,356.04050589353557
2019-04-29,494.82750892502975
2019-04-30,512.5702166776845
2019-05-01,274.10509158865824
2019-05-02,270.10474460403157
2019-05-03,386.11169062316947
2019-05-04,314.40037406343936
2019-05-05,337.843578559223
2019-05-06,492.3785705554578
2019-05-07,514.6486517471582
2019-05-08,503.144254868886
2019-05-09,511.66378962697434
2019-05-10,520.2449726184767
2019-05-11,395.3220285754782
2019-05-12,354.05801034024546
2019-05-13,488.52104989314205
2019-05-14,508.43567379101535
2019-05-15,338.0282227010496
2019-05-16,503.90905898484965
2019-05-17,509.08390822190376
2019-05-18,378.52723949622947
2019-05-19,337.7000480834707
2019-05-20,485.9140107065128
2019-05-21,493.74377257927836
2019-05-22,500.18557382720735
2019-05-23,514.1117087436453
2019-05-24,522.9304050675113
2019-05-25,383.32685492771066
2019-05-26,351.6553424383244
2019-05-27,487.80725165341704
2019-05-28,491.00778097821217
2019-05-29,504.837730421182
2019-05-30,513.6785554461649
2019-05-31,525.6694913133773
2019-06-01,382.0680362963909
2019-06-02,348.0492489664932
2019-06-03,490.90643475161306
2019-06-04,498.99284672101936
2019-06-05,503.64215223404165
2019-06-06,510.80876346599
2019-06-07,515.8488180212307
2019-06-08,377.623770084479
2019-06-09,340.2552154210723
2019-06-10,491.51356820234867
2019-06-11,496.65379773276425
2019-06-12,498.173608648433
2019-06-13,505.7926479781802
2019-06-14,509.7334953064605
2019-06-15,369.71983629373426
2019-06-16,334.3181560012523
2019-06-17,484.2336091095098
2019-06-18,490.7193231510941
2019-06-19,495.07139059538093
2019-06-20,505.27753545226835
2019-06-21,504.3912918116414
2019-06-22,359.8627941649208
2019-06-23,338.7347363647607
2019-06-24,472.34233443447295
2019-06-25,484.19901816342383
2019-06-26,492.13740441174446
2019-06-27,501.5427258417116
2019-06-28,499.6108223270787
2019-06-29,353.6627524879774
2019-06-30,330.29479185820395
2019-07-01,482.95580426933026
2019-07-02,480.40526960173287
2019-07-03,455.9794262990632
2019-07-04,479.28037615958556
2019-07-05,481.38500630068467
2019-07-06,327.21866788119684
2019-07-07,308.00311339199783
2019-07-08,482.2435348242296
2019-07-09,468.29831851778414
2019-07-10,473.2272681026115
2019-07-11,484.0048335565754
2019-07-12,484.8037716601796
2019-07-13,312.3148585971766
2019-07-14,292.9281008551239
2019-07-15,454.5277797608914
2019-07-16,469.6071059335862
2019-07-17,462.07535978804117
2019-07-18,465.4332670276541
2019-07-19,451.64147340817834
2019-07-20,295.08453664752875
2019-07-21,274.2796305331139
2019-07-22,442.3941324665219
2019-07-23,442.2993120593569
2019-07-24,445.1269616483483
2019-07-25,450.7403879896478
2019-07-26,438.79425849090643
2019-07-27,288.3487561400729
2019-07-28,266.2249804529315
2019-07-29,413.10644822899974
2019-07-30,414.61864397489654
2019-07-31,419.4357725313662
2019-08-01,395.9365824324509
2019-08-02,376.96723167859693
2019-08-03,257.3534805928831
2019-08-04,236.12361294198135
2019-08-05,342.02250687847885
2019-08-06,339.45149261951974
2019-08-07,341.91505711946456
2019-08-08,351.39089456956697
2019-08-09,342.6753210535094
2019-08-10,235.18728444014852
2019-08-11,238.13100213415598
2019-08-12,311.6390900434051
2019-08-13,323.91617593184935
2019-08-14,324.87139153501306
2019-08-15,214.3716385712796
2019-08-16,277.1529647422759
2019-08-17,213.1172440527084
2019-08-18,216.19077488734692
2019-08-19,325.609473366448
2019-08-20,325.9897470800035
2019-08-21,327.8378511730667
2019-08-22,332.3967786919155
2019-08-23,331.3624939452072
2019-08-24,241.24268609727739
2019-08-25,234.26113136928433
2019-08-26,357.29249116995373
2019-08-27,368.8113927222955
2019-08-28,378.7592498829995
2019-08-29,389.2206189901549
2019-08-30,396.3265796179731
2019-08-31,295.28477321520774
2019-09-01,288.595014770546
2019-09-02,444.8729738345717
2019-09-03,453.55116529866393
2019-09-04,462.3932053625838
2019-09-05,471.57301501736964
2019-09-06,474.0078415863188
2019-09-07,344.6163174688176
2019-09-08,312.813627243523
2019-09-09,467.24934256602273
2019-09-10,476.4394062188749
2019-09-11,483.56826632836083
2019-09-12,489.8039925327374
2019-09-13,489.31758203874665
2019-09-14,343.2787335869432
2019-09-15,302.73880865228307
2019-09-16,479.3897505924592
2019-09-17,481.13559813534096
2019-09-18,478.1807796961947
2019-09-19,493.5169382097148
2019-09-20,502.57592390009313
2019-09-21,360.4957712084006
2019-09-22,325.7725303058207
2019-09-23,474.89926049307695
2019-09-24,484.3774715820564
2019-09-25,498.6463404399323
2019-09-26,497.2194661444245
2019-09-27,504.3765518579188
2019-09-28,376.41920480483066
2019-09-29,346.85078213495876
2019-09-30,482.35344363716007
2019-10-01,485.6239680483709
2019-10-02,490.86543984596426
2019-10-03,504.3779834281501
2019-10-04,508.82063366880294
2019-10-05,383.1345888456272
2019-10-06,343.73215212754224
2019-10-07,475.43933325416447
2019-10-08,482.30356289405825
2019-10-09,486.36447717342577
2019-10-10,497.80769137469576
2019-10-11,505.50846375302854
2019-10-12,345.1565469713457
2019-10-13,334.1451141884345
2019-10-14,475.3080427464773
2019-10-15,483.2097146116561
2019-10-16,487.42443111640875
2019-10-17,490.6420373143171
2019-10-18,504.35354824867244
2019-10-19,386.50711165594254
2019-10-20,334.49280313517204
2019-10-21,478.24530254992817
2019-10-22,485.8472967664151
2019-10-23,485.4815268571181
2019-10-24,498.77257579320354
2019-10-25,509.0805548074333
2019-10-26,392.8443370777469
2019-10-27,345.7075360965777
2019-10-28,479.665260467295
2019-10-29,512.1274916754094
2019-10-30,505.1755079112946
2019-10-31,494.4600398050409
2019-11-01,314.36132825031547
2019-11-02,322.5244780630519
2019-11-03,312.74776804361244
2019-11-04,474.35740787279866
2019-11-05,482.43420088174105
2019-11-06,490.790459814414
2019-11-07,494.2767041287053
2019-11-08,507.7802119781592
2019-11-09,364.4019171250104
2019-11-10,348.8056679068813
2019-11-11,475.5518329763532
2019-11-12,484.96035800817657
2019-11-13,497.5726677179014
2019-11-14,494.04286333615215
2019-11-15,503.99581113484294
2019-11-16,388.7234289517471
2019-11-17,331.9605915021746
2019-11-18,472.9713013067099
2019-11-19,477.32023769776737
2019-11-20,484.03453849494184
2019-11-21,490.55224516025385
2019-11-22,497.9302403017557
2019-11-23,394.094252971318
2019-11-24,340.44866353838023
2019-11-25,473.4110387641821
2019-11-26,483.5720970509297
2019-11-27,489.78711414790996
2019-11-28,497.98544015932396
2019-11-29,514.9266634041722
2019-11-30,405.8298185306579
2019-12-01,342.27657543221596
2019-12-02,477.2547026215935
2019-12-03,487.08240945845677
2019-12-04,486.6610173169567
2019-12-05,504.782712667783
2019-12-06,305.8774107629938
2019-12-07,320.1291895022469
2019-12-08,288.89692501879904
2019-12-09,294.5669473990495
2019-12-10,484.39220541110177
2019-12-11,498.15022163144323
2019-12-12,505.0310675758656
2019-12-13,528.3816944577079
2019-12-14,423.928289340803
2019-12-15,363.73176899741503
2019-12-16,501.2640006617427
2019-12-17,500.4773990898962
2019-12-18,505.26694483177613
2019-12-19,513.8704239319064
2019-12-20,523.8399868961789
2019-12-21,399.14823669574787
2019-12-22,342.7537505357908
2019-12-23,415.14904278626733
2019-12-24,321.5426420453757
2019-12-25,274.46712564447904
2019-12-26,421.89001864182535
2019-12-27,431.8640547167651
2019-12-28,334.9794778504613
2019-12-29,303.1295474022496
2019-12-30,417.45073283020287
2019-12-31,335.9882410419836
2020-01-01,281.16604337668133
2020-01-02,404.1248428697171
2020-01-03,423.3677662789731
2020-01-04,340.2375847705789
2020-01-05,304.8218489560959
2020-01-06,320.53846486521553
2020-01-07,442.5453899987139
2020-01-08,467.16627537892305
2020-01-09,471.7959223930608
2020-01-10,485.8180576088639
2020-01-11,369.10155545446565
2020-01-12,313.51526722660316
2020-01-13,465.25393815165114
2020-01-14,474.85191586508046
2020-01-15,475.64280191784206
2020-01-16,483.59795715171344
2020-01-17,495.12439270548697
2020-01-18,367.76873202294684
2020-01-19,314.95030301736443
2020-01-20,463.9774010385056
2020-01-21,470.9735876092802
2020-01-22,476.4425695551253
2020-01-23,482.85173701077775
2020-01-24,488.67839681470855
2020-01-25,365.2227151918169
2020-01-26,324.83149630599206
2020-01-27,459.13684660152705
2020-01-28,468.57243045544345
2020-01-29,469.1784521380589
2020-01-30,483.277638774281
2020-01-31,487.01712226370563
2020-02-01,370.89417283820467
2020-02-02,323.97865715624675
2020-02-03,481.90386394542656
2020-02-04,470.4766987576399
2020-02-05,479.82421263574076
2020-02-06,487.35618966571815
2020-02-07,504.1826603671206
2020-02-08,415.99717198897287
2020-02-09,369.62718506240765
2020-02-10,502.99765337354097
2020-02-11,510.6822206396616
2020-02-12,502.7687489531851
2020-02-13,487.91618422537937
2020-02-14,503.72148130916474
2020-02-15,374.8222421723002
2020-02-16,333.09148439809144
2020-02-17,444.83475872133573
2020-02-18,472.83462132921176
2020-02-19,480.1145241805552
2020-02-20,487.88791259854577
2020-02-21,493.70737727998824
2020-02-22,371.07539722115786
2020-02-23,332.5471825435528
2020-02-24,468.0355344996427
2020-02-25,476.6244128470263
2020-02-26,489.3653256899622
2020-02-27,496.0133194017879
2020-02-28,478.6529944236599
2020-02-29,352.80106937533026
2020-03-01,317.5648696322663
2020-03-02,450.7283922849152
2020-03-03,474.7812925981913
2020-03-04,483.101250816987
2020-03-05,489.75465582756294
2020-03-06,496.22566101337827
2020-03-07,371.44747062298956
2020-03-08,322.05841359743437
2020-03-09,475.69426018813135
2020-03-10,465.00788617733576
2020-03-11,421.9704458107115
2020-03-12,401.44482890076085
2020-03-13,367.0949713561618
2020-03-14,156.47521660421614
2020-03-15,96.55898738826987
2020-03-16,191.42214383537996
2020-03-17,164.20200000550057
2020-03-18,139.05333533821187
2020-03-19,144.3793351780605
2020-03-20,143.1845529280995
2020-03-21,77.26715200964996
2020-03-22,60.95892978317769
2020-03-23,134.59050865613685
2020-03-24,129.35301659860912
2020-03-25,126.93030623020063
2020-03-26,126.67558812788698
2020-03-27,122.98823048536202
2020-03-28,73.93939100132887
2020-03-29,65.02563230260206
2020-03-30,108.97189028543124
2020-03-31,105.93527022203588
2020-04-01,107.5921484669968
2020-04-02,107.33301643811657
2020-04-03,111.06157824683639
2020-04-04,74.76970765244945
2020-04-05,65.60981106113037
2020-04-06,108.648331159493
2020-04-07,114.78925937756051
2020-04-08,118.12890429934913
2020-04-09,68.68614000298764
2020-04-10,65.46358140946857
2020-04-11,74.66427169524205
2020-04-12,58.70130403837965
2020-04-13,131.42687073872435
2020-04-14,135.85177128825552
2020-04-15,134.77953263002945
2020-04-16,135.72074974373993
2020-04-17,139.11612701591156
2020-04-18,77.17901081777423
2020-04-19,67.16326637478363
2020-04-20,140.54822275770638
2020-04-21,137.58746633017736
2020-04-22,141.90807574491785
2020-04-23,140.0621490841305
2020-04-24,144.2017879415564
2020-04-25,78.0684275406573
2020-04-26,59.24845901849761
2020-04-27,148.20061771686014
2020-04-28,151.55372980521784
2020-04-29,154.93259024841066
2020-04-30,162.33804355112622
2020-05-01,70.36877304668475
2020-05-02,81.8334246982104
2020-05-03,73.29057865950818
2020-05-04,173.359829819092
2020-05-05,174.9947499668166
2020-05-06,177.74480836353592
2020-05-07,179.82349994683145
2020-05-08,182.6581767111867
2020-05-09,100.62811238366712
2020-05-10,74.006318257937
2020-05-11,199.0096439231513
2020-05-12,199.32679751333637
2020-05-13,205.08031829439722
2020-05-14,207.32152306549483
2020-05-15,103.57420360971234
2020-05-16,110.42748364880299
2020-05-17,78.41023679112084
2020-05-18,220.62422704533554
2020-05-19,222.59211872938144
2020-05-20,223.7731918733117
2020-05-21,219.66724852037527
2020-05-22,215.33471581031765
2020-05-23,125.04742692417891
2020-05-24,88.89561659222808
2020-05-25,288.76006336511136
2020-05-26,279.3637095243088
2020-05-27,283.0016611957196
2020-05-28,287.936597453145
2020-05-29,296.2223917109555
2020-05-30,226.9973305163381
2020-05-31,180.3780227585749
2020-06-01,281.8983215895349
2020-06-02,288.2576128009472
2020-06-03,295.66827654591145
2020-06-04,299.17549408913516
2020-06-05,312.77664432579803
2020-06-06,240.50647575807827
2020-06-07,191.30720904394838
2020-06-08,310.57230469894495
2020-06-09,317.66043871846534
2020-06-10,323.16610484549443
2020-06-11,332.20893596872014
2020-06-12,342.57929356407595
2020-06-13,266.525734500812
2020-06-14,222.1141268196313
2020-06-15,327.0573736630638
2020-06-16,336.0718381065356
2020-06-17,343.2658829704082
2020-06-18,349.87042119381454
2020-06-19,362.02813141024706
2020-06-20,281.237014200299
2020-06-21,243.25286653894912
2020-06-22,360.14122247562347
2020-06-23,366.87247079343325
2020-06-24,372.6202508773366
2020-06-25,377.12360432166366
2020-06-26,370.4055593683717
2020-06-27,263.671513124401
2020-06-28,232.50630049482425
2020-06-29,368.77027076768
2020-06-30,380.01487153184144
2020-07-01,387.65314479221274
2020-07-02,388.96914671834304
2020-07-03,378.2396672585697
2020-07-04,259.85093474148357
2020-07-05,229.2971369857945
2020-07-06,366.3517070664875
2020-07-07,372.7492998701372
2020-07-08,379.2804905547632
2020-07-09,383.223076184885
2020-07-10,367.18220341375553
2020-07-11,250.92097572579092
2020-07-12,222.61427469201706
2020-07-13,357.94434787548283
2020-07-14,367.2098957831564
2020-07-15,372.37342001540344
2020-07-16,373.09667117374505
2020-07-17,357.1192640275621
2020-07-18,241.59755653534347
2020-07-19,213.4473327902147
2020-07-20,344.9979373582823
2020-07-21,352.15312994285875
2020-07-22,358.31061734018476
2020-07-23,361.4211932020195
2020-07-24,347.7779298686959
2020-07-25,235.5224530439075
2020-07-26,208.822418465376
2020-07-27,337.0045457404411
2020-07-28,347.4093227178287
2020-07-29,351.91960706036673
2020-07-30,355.7269623407133
2020-07-31,344.78165961311106
2020-08-01,227.6109351238128
2020-08-02,193.81176358579623
2020-08-03,294.87284794378957
2020-08-04,294.6687915584193
2020-08-05,294.4828750107085
2020-08-06,293.2962669757349
2020-08-07,284.1362049491734
2020-08-08,197.13193224393794
2020-08-09,175.2835315472301
2020-08-10,271.1596928086715
2020-08-11,258.3415256602438
2020-08-12,268.8650844830528
2020-08-13,269.7861739797193
2020-08-14,264.77655910027727
2020-08-15,182.03280813317673
2020-08-16,173.51446746112063
2020-08-17,261.03598103787266
2020-08-18,260.6781761893336
2020-08-19,262.5777107481938
2020-08-20,271.81305809559007
2020-08-21,262.4803891032629
2020-08-22,191.3445865680271
2020-08-23,178.04267889091534
2020-08-24,279.7015815430289
2020-08-25,288.32736316400724
2020-08-26,289.73011420214976
2020-08-27,295.09708847069004
2020-08-28,296.3299001621299
2020-08-29,223.73775832490713
2020-08-30,208.61709290329586
2020-08-31,333.3537652041238
2020-09-01,353.4373732673407
2020-09-02,362.142377934101
2020-09-03,368.1525164941377
2020-09-04,367.8660691578703
2020-09-05,260.2140866777978
2020-09-06,231.59309998766554
2020-09-07,369.3930770746436
2020-09-08,377.7686544072142
2020-09-09,380.07054548457694
2020-09-10,384.8874616021362
2020-09-11,386.0723703534928
2020-09-12,269.76691834567026
2020-09-13,244.14777568085393
2020-09-14,394.39402356404895
2020-09-15,405.0763088550222
2020-09-16,411.90967931978855
2020-09-17,418.37012978397644
2020-09-18,413.67292905923495
2020-09-19,284.04852024425014
2020-09-20,250.74787980091827
2020-09-21,389.1143114479824
2020-09-22,394.8908067482039
2020-09-23,394.316893806324
2020-09-24,399.8592795320766
2020-09-25,405.6138814105716
2020-09-26,267.9506690553952
2020-09-27,230.65563819373511
2020-09-28,388.0056910698469
2020-09-29,398.53781419055923
2020-09-30,407.31838762013075
2020-10-01,416.2531836554267
2020-10-02,423.18490549140256
2020-10-03,233.91953389953332
2020-10-04,193.1240460958398
2020-10-05,378.38546705278344
2020-10-06,387.79731728653604
2020-10-07,392.6700633710882
2020-10-08,403.25008600298145
2020-10-09,399.7585228763658
2020-10-10,231.24332850257827
2020-10-11,282.5969574755086
2020-10-12,202.1814415907208
2020-10-13,389.453611783111
2020-10-14,397.02216363013156
2020-10-15,401.1966627344828
2020-10-16,405.51260360478886
2020-10-17,263.64422653843735
2020-10-18,214.9781209577778
2020-10-19,386.8367334582824
2020-10-20,387.9115500158111
2020-10-21,393.4479378485508
2020-10-22,398.66157922033483
2020-10-23,408.66340944655406
2020-10-24,282.81198783099535
2020-10-25,240.01120376094045
2020-10-26,391.2958929790042
2020-10-27,401.29654297326067
2020-10-28,406.96693240809407
2020-10-29,414.27047819027115
2020-10-30,388.88642028771204
2020-10-31,276.57628337439246
2020-11-01,235.13241704948786
2020-11-02,222.18289481079432
2020-11-03,381.4266940026947
2020-11-04,388.6472131910807
2020-11-05,412.65649742905106
2020-11-06,418.3374798488332
2020-11-07,285.147732415801
2020-11-08,244.9754178905207
2020-11-09,237.01283370018814
2020-11-10,409.3579682304156
2020-11-11,413.9584439111987
2020-11-12,416.58112842529283
2020-11-13,429.08339035169985
2020-11-14,291.80148523099626
2020-11-15,240.98045742596457
2020-11-16,398.78264190981434
2020-11-17,407.296682464455
2020-11-18,413.72450452884874
2020-11-19,420.25903133330513
2020-11-20,432.81717398134435
2020-11-21,312.6109780344131
2020-11-22,260.82338231365213
2020-11-23,416.1860130888106
2020-11-24,414.56649205231014
2020-11-25,419.0275323450063
2020-11-26,425.2734424132883
2020-11-27,435.85817870321563
2020-11-28,324.39474481555743
2020-11-29,274.5729387621821
2020-11-30,407.6168423777661
2020-12-01,414.9086743269099
2020-12-02,422.45971307981125
2020-12-03,429.5791877168221
2020-12-04,442.34934455353954
2020-12-05,330.489688097984
2020-12-06,291.5451169222109
2020-12-07,326.227738543026
2020-12-08,356.5932466380967
2020-12-09,487.5464464874783
2020-12-10,432.57256702108566
2020-12-11,445.22086793992605
2020-12-12,328.568599018588
2020-12-13,267.0669738593876
2020-12-14,428.130669318627
2020-12-15,428.59981936958405
2020-12-16,434.0566063553212
2020-12-17,443.247459739768
2020-12-18,455.8670148482961
2020-12-19,322.056657321567
2020-12-20,279.9236065136145
2020-12-21,431.180955011839
2020-12-22,433.37720276189924
2020-12-23,416.38485415884304
2020-12-24,300.23567649003223
2020-12-25,209.53615885870585
2020-12-26,265.77857049194364
2020-12-27,236.37160781166398
2020-12-28,366.22260447312647
2020-12-29,377.7882689104816
2020-12-30,385.5288524891391
2020-12-31,286.89401126240995
2021-01-01,194.68923251744522
2021-01-02,265.6484040006313
2021-01-03,242.25686273986565
2021-01-04,388.31685705694605
2021-01-05,378.5250096333011
2021-01-06,242.33178267922946
2021-01-07,332.9085862099063
2021-01-08,275.2451416593414
2021-01-09,38.5181538824327
2021-01-10,50.28591744850642
2021-01-11,81.41686037851672
2021-01-12,127.73820818520932
2021-01-13,184.9059234290126
2021-01-14,229.7274305441394
2021-01-15,272.41730003619256
2021-01-16,229.00911161731207
2021-01-17,196.5992045216663
2021-01-18,333.2248764557487
2021-01-19,352.2653164858608
2021-01-20,372.7101489476162
2021-01-21,388.65711925241703
2021-01-22,409.32545297437423
2021-01-23,278.3159609120521
2021-01-24,227.22676666675713
2021-01-25,386.86088175393
2021-01-26,398.12929022672154
2021-01-27,385.34817726433863
2021-01-28,398.2936109510877
2021-01-29,403.3632380476509
2021-01-30,268.9550831360939
2021-01-31,216.2920809013167
2021-02-01,383.7081423047757
2021-02-02,389.8703291291034
2021-02-03,395.0536250478795
2021-02-04,399.3492288213013
2021-02-05,410.53370853758116
2021-02-06,273.47526286869635
2021-02-07,233.79723750152792
2021-02-08,396.3327435060857
2021-02-09,391.4166861963909
2021-02-10,399.433033124145
2021-02-11,402.01202291852223
2021-02-12,412.7486160773407
2021-02-13,295.6691651658015
2021-02-14,248.33828502221294
2021-02-15,357.1946823611975
2021-02-16,365.0896541302354
2021-02-17,367.226018299295
2021-02-18,377.8951039488905
2021-02-19,370.4034318874068
2021-02-20,279.5706165178466
2021-02-21,212.01493093048367
2021-02-22,365.89909239078327
2021-02-23,403.5681182012803
2021-02-24,413.7457807942435
2021-02-25,431.4886477916068
2021-02-26,429.9303468654388
2021-02-27,330.7984684176709
2021-02-28,296.44567715559697
2021-03-01,419.2609849182744
2021-03-02,422.91662413646145
2021-03-03,423.7207589702092
2021-03-04,418.4843483076216
2021-03-05,432.40411755713717
2021-03-06,317.8936441128495
2021-03-07,251.6407576030655
2021-03-08,396.2381050291892
2021-03-09,407.6371884618881
2021-03-10,410.9699058520146
2021-03-11,416.8978925105297
2021-03-12,421.6672940455543
2021-03-13,318.3346650197169
2021-03-14,268.27217619510515
2021-03-15,410.3012944085391
2021-03-16,423.05135139339757
2021-03-17,416.170013608969
2021-03-18,437.9249093315547
2021-03-19,274.6935251499217
2021-03-20,299.39281674574147
2021-03-21,250.15647763392613
2021-03-22,381.579913062897
2021-03-23,395.52595184450695
2021-03-24,414.1422703451725
2021-03-25,429.09065063131413
2021-03-26,409.8498149947289
2021-03-27,307.7258667841821
2021-03-28,256.82223854534107
2021-03-29,371.08868617204564
2021-03-30,381.13024847153304
2021-03-31,392.5206854110967
2021-04-01,256.01870727905026
2021-04-02,228.41612799221983
2021-04-03,276.0567338005784
2021-04-04,252.43668512047324
2021-04-05,380.5277528701376
2021-04-06,411.9684704197805
2021-04-07,419.1489926017971
2021-04-08,424.6505947400968
2021-04-09,432.64081041368104
2021-04-10,338.6321633701569
2021-04-11,283.30454724151485
2021-04-12,425.75852489973
2021-04-13,429.7152093195228
2021-04-14,436.53325215314374
2021-04-15,453.09224998900083
2021-04-16,436.5793336833514
2021-04-17,325.368735713487
2021-04-18,265.48257879896437
2021-04-19,403.4334552297744
2021-04-20,410.97096509827895
2021-04-21,416.21998432459037
2021-04-22,419.7013616983686
2021-04-23,434.65577807300696
2021-04-24,320.0862055115764
2021-04-25,242.41825574175903
2021-04-26,403.13974762502056
2021-04-27,410.8884181159231
2021-04-28,421.33584624241155
2021-04-29,428.940262771897
2021-04-30,445.06152727461597
2021-05-01,281.45021015533223
2021-05-02,297.29841976407744
2021-05-03,260.4047114709059
2021-05-04,410.75041751426835
2021-05-05,427.1915027925705
2021-05-06,438.01096469352933
2021-05-07,443.7363013163853
2021-05-08,334.22349502455245
2021-05-09,260.83112209548824
2021-05-10,409.1921007755348
2021-05-11,417.60180322944825
2021-05-12,415.87299554810556
2021-05-13,393.7595198913356
2021-05-14,432.72187082428326
2021-05-15,296.97058020161205
2021-05-16,273.41338833308316
2021-05-17,411.9767528096298
2021-05-18,420.29740318176175
2021-05-19,427.6371016593751
2021-05-20,436.6199543011518
2021-05-21,441.26246452762183
2021-05-22,322.04641795114856
2021-05-23,275.11666662357175
2021-05-24,411.3169544814155
2021-05-25,422.20650973765106
2021-05-26,429.88729196191963
2021-05-27,434.9644549211188
2021-05-28,438.1608734517984
2021-05-29,327.7054883637628
2021-05-30,286.72457498776805
2021-05-31,418.27159781830034
2021-06-01,416.40619521207594
2021-06-02,434.4827193059738
2021-06-03,441.0471815033718
2021-06-04,442.2337747181524
2021-06-05,315.49357862479735
2021-06-06,287.01423813165025
2021-06-07,414.5172045713042
2021-06-08,434.3644117300363
2021-06-09,444.11949670840863
2021-06-10,441.1834414826572
2021-06-11,440.3880326406042
2021-06-12,314.2388130686518
2021-06-13,285.56214693669676
2021-06-14,418.8963067113206
2021-06-15,427.22887169377105
2021-06-16,435.66337037229346
2021-06-17,434.0023217866602
2021-06-18,435.85717682881125
2021-06-19,317.5331618237132
2021-06-20,280.24424759473175
2021-06-21,424.28062111962254
2021-06-22,430.89258095290086
2021-06-23,426.5254063537295
2021-06-24,433.94340052209054
2021-06-25,424.8016716267027
2021-06-26,307.9815485224131
2021-06-27,278.9185169217504
2021-06-28,406.0067373145364
2021-06-29,422.0410518257714
2021-06-30,430.7360517173546
2021-07-01,430.9636362235503
2021-07-02,406.32345924147273
2021-07-03,294.43061985102247
2021-07-04,267.3948975490095
2021-07-05,401.0180945747233
2021-07-06,396.39380454894234
2021-07-07,410.91582639193336
2021-07-08,410.79559235583724
2021-07-09,395.94884417972435
2021-07-10,272.94756453801745
2021-07-11,244.1285833894074
2021-07-12,385.38472959957033
2021-07-13,392.0484516542134
2021-07-14,398.8303581464262
2021-07-15,404.1699254835911
2021-07-16,385.13747171064136
2021-07-17,264.19848312226117
2021-07-18,239.21286105098375
2021-07-19,369.88124620572495
2021-07-20,376.06122054257645
2021-07-21,378.07867382191364
2021-07-22,382.1540781486617
2021-07-23,368.0188332649224
2021-07-24,256.10527024076134
2021-07-25,232.22730699484504
2021-07-26,355.99432665557237
2021-07-27,365.99096686559534
2021-07-28,372.5486225094679
2021-07-29,373.4209201318252
2021-07-30,361.48989225686694
2021-07-31,257.00678947047214
2021-08-01,222.55487322978237
2021-08-02,308.516462171082
2021-08-03,306.2773258397528
2021-08-04,306.52222319335334
2021-08-05,305.014583354684
2021-08-06,296.5440024396682
2021-08-07,213.4093348687525
2021-08-08,188.47179165569818
2021-08-09,276.75060873398706
2021-08-10,277.6189289367751
2021-08-11,280.2003337653254
2021-08-12,281.35373365706926
2021-08-13,272.9374442396899
2021-08-14,201.73880448928577
2021-08-15,191.67888670154898
2021-08-16,275.9821932357956
2021-08-17,281.9173880461316
2021-08-18,283.9916797889665
2021-08-19,276.80173332129635
2021-08-20,272.1164375855293
2021-08-21,208.93429410394845
2021-08-22,197.92290326426723
2021-08-23,290.3402357733613
2021-08-24,295.850976584132
2021-08-25,300.2196697221309
2021-08-26,308.30541538888644
2021-08-27,306.00142748040736
2021-08-28,231.9110632180226
2021-08-29,226.75457898019047
2021-08-30,345.5863046249113
2021-08-31,364.00394219141873
2021-09-01,375.06080230211103
2021-09-02,388.50297275530045
2021-09-03,391.85585047911263
2021-09-04,289.75537108007285
2021-09-05,270.38538010499065
2021-09-06,400.01403400419565
2021-09-07,409.80194617591263
2021-09-08,418.70090159414156
2021-09-09,422.6736373188508
2021-09-10,427.69283458704524
2021-09-11,306.0802538914138
2021-09-12,283.1864808614605
2021-09-13,426.95427229694593
2021-09-14,417.2554890168501
2021-09-15,425.9091058286535
2021-09-16,432.6906121572168
2021-09-17,438.6568052012264
2021-09-18,326.0951014942742
2021-09-19,290.7003473818646
2021-09-20,414.89737329215416
2021-09-21,423.5757858667104
2021-09-22,426.3514160258942
2021-09-23,436.11076625283675
2021-09-24,437.91445342130316
2021-09-25,332.7321560803028
2021-09-26,301.42341755326083
2021-09-27,418.9177662455912
2021-09-28,429.24464019971464
2021-09-29,435.38688499483106
2021-09-30,445.9891615567992
2021-10-01,453.76493672627936
2021-10-02,343.566095096952
2021-10-03,295.1547212024768
2021-10-04,426.8035593250685
2021-10-05,446.01556420233464
2021-10-06,443.67417085890514
2021-10-07,452.41786855071496
2021-10-08,448.59405438493593
2021-10-09,320.29267893032244
2021-10-10,276.33023069351964
2021-10-11,361.3255906298515
2021-10-12,275.4341861066084
2021-10-13,461.4541504453244
2021-10-14,442.4865142986509
2021-10-15,450.27695827856485
2021-10-16,337.32997406446833
2021-10-17,298.34040993167804
2021-10-18,422.5107108732059
2021-10-19,434.7519216234698
2021-10-20,438.70467063539775
2021-10-21,430.27296129352413
2021-10-22,452.5180852775954
2021-10-23,346.2358863672271
2021-10-24,302.2027215569244
2021-10-25,422.8536784706348
2021-10-26,429.40618336341834
2021-10-27,432.5846794806257
2021-10-28,448.6852507676561
2021-10-29,442.9910517684444
2021-10-30,319.2071557894683
2021-10-31,280.36620868118666
2021-11-01,278.47471354180055
2021-11-02,430.2949964822249
2021-11-03,439.1003806798959
2021-11-04,447.30830420726954
2021-11-05,449.32858451648565
2021-11-06,337.128998817813
2021-11-07,286.83743847392367
2021-11-08,398.8567948058462
2021-11-09,283.7334494596313
2021-11-10,435.4532773246496
2021-11-11,441.2285473054839
2021-11-12,448.57715760147704
2021-11-13,345.88518319075
2021-11-14,302.62603710191985
2021-11-15,420.821077258057
2021-11-16,427.7863600442952
2021-11-17,441.1692998589039
2021-11-18,457.49520899379957
2021-11-19,463.8115314008682
2021-11-20,369.305607739639
2021-11-21,324.6338129787805
2021-11-22,434.1671368535988
2021-11-23,442.9914929968499
2021-11-24,456.8185938268678
2021-11-25,461.85249506110534
2021-11-26,470.30112994778443
2021-11-27,381.39130084554836
2021-11-28,339.63284675780784
2021-11-29,442.7566446700508
2021-11-30,454.1085038487957
2021-12-01,459.6922971813772
2021-12-02,466.4404026994695
2021-12-03,463.90188181498416
2021-12-04,343.9699759375933
2021-12-05,299.3242860960814
2021-12-06,289.83003495964346
2021-12-07,378.20345158390637
2021-12-08,295.5020159302728
2021-12-09,450.0677905172261
2021-12-10,459.832322327586
2021-12-11,355.30139878198906
2021-12-12,307.08582361791093
2021-12-13,427.8426258856754
2021-12-14,439.09208965298586
2021-12-15,440.52438420736564
2021-12-16,445.07358768255403
2021-12-17,452.22319986578964
2021-12-18,357.6582872347875
2021-12-19,307.8366786452182
2021-12-20,420.36863308344425
2021-12-21,420.640030782076
2021-12-22,415.6061879731344
2021-12-23,396.77005721393033
2021-12-24,296.7085434796735
2021-12-25,212.7467249349534
2021-12-26,221.43574566170116
2021-12-27,336.1696494157777
2021-12-28,342.10250943993884
2021-12-29,354.2699641659232
2021-12-30,360.6702205690388
2021-12-31,275.60851183257506
2022-01-01,200.74053438741782
2022-01-02,231.45107703735144
2022-01-03,333.5722335767965
2022-01-04,340.1981903317555
2022-01-05,335.1192866247255
2022-01-06,229.18721275951134
2022-01-07,330.86199531979685
2022-01-08,278.7178979816066
2022-01-09,245.88440195090163
2022-01-10,365.5142180823265
2022-01-11,371.3805581094338
2022-01-12,374.12547610051973
2022-01-13,378.95536165069586
2022-01-14,395.22716676401126
2022-01-15,305.96414741418533
2022-01-16,255.90287045005823
2022-01-17,371.0002799808595
2022-01-18,376.9067309210761
2022-01-19,387.8327309696277
2022-01-20,392.7192609615228
2022-01-21,400.66401259094897
2022-01-22,308.84148997308006
2022-01-23,266.70266067551876
2022-01-24,372.47987690116486
2022-01-25,382.54398388905884
2022-01-26,390.6983734375636
2022-01-27,399.0199336899701
2022-01-28,416.62853889943074
2022-01-29,334.1630705101743
2022-01-30,290.64426567301706
2022-01-31,393.87891247968287
2022-02-01,417.86792870778504
2022-02-02,427.042028339365
2022-02-03,430.3107163765442
2022-02-04,438.9826964405724
2022-02-05,349.21755193136414
2022-02-06,310.36814897260695
2022-02-07,412.7417669473539
2022-02-08,371.69158100756675
2022-02-09,360.7275923183503
2022-02-10,365.92846136157596
2022-02-11,370.1148236216998
2022-02-12,295.4492259077083
2022-02-13,259.8571281556011
2022-02-14,356.14147936731257
2022-02-15,358.3324857414449
2022-02-16,361.8655543141038
2022-02-17,356.2111984413635
2022-02-18,361.51576308466105
2022-02-19,270.78319177704554
2022-02-20,239.85519862322334
2022-02-21,335.8336347197107
2022-02-22,346.88709566578035
2022-02-23,352.4758174386921
2022-02-24,357.84504772986946
2022-02-25,334.0880283070394
2022-02-26,251.05757792363642
2022-02-27,230.787572856226
2022-02-28,323.7179343832021
2022-03-01,350.216723194215
2022-03-02,354.92349236816847
2022-03-03,357.04529066319594
2022-03-04,364.50070383103866
2022-03-05,277.2214442001716
2022-03-06,237.7647770037214
2022-03-07,335.1515363938228
2022-03-08,342.72295593248987
2022-03-09,357.1942415837219
2022-03-10,360.73239369414983
2022-03-11,359.796859264854
2022-03-12,281.40002553692693
2022-03-13,248.2990470602411
2022-03-14,330.87806625642753
2022-03-15,340.66236769946084
2022-03-16,348.94271900783014
2022-03-17,350.1522251428721
2022-03-18,357.3759006120513
2022-03-19,272.3184456417064
2022-03-20,233.26709683508957
2022-03-21,329.7834347519718
2022-03-22,339.2287630128276
2022-03-23,345.9704077239699
2022-03-24,350.42802444611004
2022-03-25,353.18670530502175
2022-03-26,264.3483484345283
2022-03-27,231.80010976113368
2022-03-28,333.04750070927946
2022-03-29,342.24631259116495
2022-03-30,350.382745754807
2022-03-31,358.5177057580323
2022-04-01,402.1280231529273
2022-04-02,309.8170899506491
2022-04-03,269.11061398805674
2022-04-04,369.354134252056
2022-04-05,379.49919709154443
2022-04-06,388.37891882521916
2022-04-07,398.3443852975323
2022-04-08,377.60198180776837
2022-04-09,281.709156039723
2022-04-10,244.5929670546459
2022-04-11,310.82532759196704
2022-04-12,311.8662778084264
2022-04-13,305.5566739876883
2022-04-14,203.6599951426988
2022-04-15,192.11716728540893
2022-04-16,216.71912832929783
2022-04-17,222.37430191836862
2022-04-18,339.6383659079664
2022-04-19,368.7046838761391
2022-04-20,378.3949858853668
2022-04-21,395.8732005067373
2022-04-22,423.1461953007114
2022-04-23,308.0392044190702
2022-04-24,272.89671099984355
2022-04-25,376.60044483820406
2022-04-26,384.4370397986765
2022-04-27,389.4891791626399
2022-04-28,397.3862778219396
2022-04-29,399.67844584113567
2022-04-30,289.0659521389633
2022-05-01,267.1630793328422
2022-05-02,234.61932584867156
2022-05-03,387.6908719346049
2022-05-04,396.7868582667684
2022-05-05,414.0207759833099
2022-05-06,416.2017158219868
2022-05-07,321.8424013763144
2022-05-08,282.1375039124152
2022-05-09,383.307970893443
2022-05-10,393.0493716999993
2022-05-11,400.77418253622943
2022-05-12,409.1882054440532
2022-05-13,408.69639153601463
2022-05-14,297.9678847177849
2022-05-15,275.22001589731514
2022-05-16,248.7589282132877
2022-05-17,391.62766042995764
2022-05-18,402.55909661566557
2022-05-19,408.84182206825386
2022-05-20,413.3118912283511
2022-05-21,311.11563703097886
2022-05-22,269.7840741380915
2022-05-23,381.72348398053674
2022-05-24,392.57412564940284
2022-05-25,401.85476003569437
2022-05-26,410.062438650513
2022-05-27,415.2730868248696
2022-05-28,305.25147582052955
2022-05-29,284.7356492537813
2022-05-30,385.13780498399484
2022-05-31,399.004793188979
2022-06-01,401.03145251995073
2022-06-02,424.15828007202646
2022-06-03,411.84448163827903
2022-06-04,311.72918055501094
2022-06-05,273.12419179267926
2022-06-06,381.56004712417484
2022-06-07,390.70851606861396
2022-06-08,401.0344829886146
2022-06-09,410.0247010016936
2022-06-10,413.60952680025906
2022-06-11,313.8148339604122
2022-06-12,280.27814395630367
2022-06-13,381.16515115729806
2022-06-14,390.86168219383427
2022-06-15,397.63824326814245
2022-06-16,404.1275363841059
2022-06-17,400.3254436322266
2022-06-18,293.99960837042937
2022-06-19,265.32867750482484
2022-06-20,375.42124924893545
2022-06-21,386.0123780036787
2022-06-22,394.5066692833546
2022-06-23,397.30306019782836
2022-06-24,391.7975916796374
2022-06-25,285.5877794045876
2022-06-26,258.21206370810484
2022-06-27,358.97472822527834
2022-06-28,335.5948673227856
2022-06-29,337.4234770270889
2022-06-30,354.10134610997034
2022-07-01,383.5445209699725
2022-07-02,278.61359520539054
2022-07-03,249.99014184785585
2022-07-04,362.0157348020078
2022-07-05,377.10400109807154
2022-07-06,379.02689342185664
2022-07-07,382.46658456486045
2022-07-08,372.0910671503867
2022-07-09,262.28487393798963
2022-07-10,242.27334761237884
2022-07-11,355.8733410607609
2022-07-12,366.3987770570959
2022-07-13,370.8150181101151
2022-07-14,378.0953177257525
2022-07-15,365.1509391218387
2022-07-16,257.1768000109673
2022-07-17,229.69132774010018
2022-07-18,345.2395974979603
2022-07-19,357.552588728721
2022-07-20,361.6452214032365
2022-07-21,364.2294221392261
2022-07-22,345.71032301192946
2022-07-23,230.5215102722243
2022-07-24,199.08051721512328
2022-07-25,205.62448900271374
2022-07-26,342.59726643598617
2022-07-27,354.68390151784064
2022-07-28,359.80481257456785
2022-07-29,349.2927647738516
2022-07-30,257.94141806729925
2022-07-31,231.4758134535081
2022-08-01,302.18731320610743
2022-08-02,302.51662529257396
2022-08-03,301.22154791817496
2022-08-04,301.63990853291614
2022-08-05,293.5286829178392
2022-08-06,229.40236501593475
2022-08-07,208.58143401159487
2022-08-08,269.4702234835048
2022-08-09,273.8346766608303
2022-08-10,276.03545637418773
2022-08-11,275.43727788334616
2022-08-12,260.09934077223824
2022-08-13,191.79339202648328
2022-08-14,175.82372832784066
2022-08-15,176.23447286293361
2022-08-16,250.15202835480667
2022-08-17,251.8226499853359
2022-08-18,254.20798799657044
2022-08-19,250.72269171025067
2022-08-20,207.9368009903526
2022-08-21,198.6420583890558
2022-08-22,262.96890132740845
2022-08-23,270.0729829523136
2022-08-24,273.58267456944435
2022-08-25,279.11706653175526
2022-08-26,277.91978662944314
2022-08-27,226.44633078546573
2022-08-28,217.72444707966625
2022-08-29,293.87893439988574
2022-08-30,308.55685797806143
2022-08-31,324.39662091717963
2022-09-01,381.95712843177427
2022-09-02,387.3786353140619
2022-09-03,298.78835597489774
2022-09-04,277.2122613138157
2022-09-05,393.230408694832
2022-09-06,403.99273641164206
2022-09-07,409.94929874282394
2022-09-08,412.9216986138067
2022-09-09,412.78076248967943
2022-09-10,313.4466028535308
2022-09-11,289.45962204312025
2022-09-12,405.66349014232384
2022-09-13,400.3980382978101
2022-09-14,414.70371996692063
2022-09-15,420.9499458953587
2022-09-16,427.06091821718417
2022-09-17,320.2322220206784
2022-09-18,289.97178118987983
2022-09-19,400.15766688457904
2022-09-20,411.37097571615533
2022-09-21,418.1299702186388
2022-09-22,427.98314855232724
2022-09-23,431.6640979801329
2022-09-24,331.4147780840452
2022-09-25,312.70942937758275
2022-09-26,397.41560501331526
2022-09-27,415.1422981923102
2022-09-28,423.8084083060368
2022-09-29,430.4009717436753
2022-09-30,438.15621889101226
2022-10-01,370.5004392286633
2022-10-02,342.56723841319047
2022-10-03,444.7823606882633
2022-10-04,465.2986177710128
2022-10-05,476.91240679262336
2022-10-06,476.7486607219265
2022-10-07,478.4046185595143
2022-10-08,372.909094011552
2022-10-09,325.0611079187286
2022-10-10,431.79888570300295
2022-10-11,455.7083487621098
2022-10-12,304.1024333917804
2022-10-13,447.3979968733357
2022-10-14,477.68815216181747
2022-10-15,401.01322457894645
2022-10-16,365.73860169346267
2022-10-17,476.5725661731718
2022-10-18,492.21430427101734
2022-10-19,497.81728352107166
2022-10-20,502.8891304347826
2022-10-21,505.9291762230768
2022-10-22,407.6513854510451
2022-10-23,355.67482142548295
2022-10-24,472.66052045644307
2022-10-25,485.95048875812785
2022-10-26,489.1854756755348
2022-10-27,498.11031691578154
2022-10-28,504.6069495796136
2022-10-29,393.38566711782
2022-10-30,310.89985882189904
2022-10-31,383.73528319325555
2022-11-01,256.92260476096794
2022-11-02,395.23120180865664
2022-11-03,374.8338179134492
2022-11-04,407.811893632415
2022-11-05,319.7666098542333
2022-11-06,282.52315868252157
2022-11-07,367.876399701397
2022-11-08,396.3432558715994
2022-11-09,267.1453797338691
2022-11-10,401.5202633744856
2022-11-11,405.54341996317305
2022-11-12,309.3804327514138
2022-11-13,296.0157200121665
2022-11-14,412.24933302257307
2022-11-15,422.3103687635575
2022-11-16,429.0417640931236
2022-11-17,431.456080646279
2022-11-18,440.574303600378
2022-11-19,352.24067894965907
2022-11-20,312.19803191358176
2022-11-21,414.6397421546874
2022-11-22,415.4324871511481
2022-11-23,429.55104835428716
2022-11-24,441.559366970363
2022-11-25,449.12922894483285
2022-11-26,372.7592457768027
2022-11-27,331.64932572601316
2022-11-28,430.47928514006554
2022-11-29,439.0939699490873
2022-11-30,447.4342183241958
2022-12-01,405.6153451887507
2022-12-02,400.5303746099098
2022-12-03,295.52179274693185
2022-12-04,253.009384796432
2022-12-05,334.4783267139304
2022-12-06,235.04907742671494
2022-12-07,344.3541236973009
2022-12-08,247.13383269798098
2022-12-09,369.1520610384463
2022-12-10,309.7532930255313
2022-12-11,270.3450494264942
2022-12-12,396.2266872106254
2022-12-13,399.8954388036994
2022-12-14,426.65640446475436
2022-12-15,462.87801540329974
2022-12-16,475.2963358041802
2022-12-17,401.65364878159716
2022-12-18,352.4259290553134
2022-12-19,454.82711523914634
2022-12-20,461.1542188900499
2022-12-21,472.9441146598562
2022-12-22,474.30296962072595
2022-12-23,433.4542511847644
2022-12-24,303.8692350942261
2022-12-25,272.7087110006215
2022-12-26,272.5721933240716
2022-12-27,375.5466167734924
2022-12-28,382.08819142808994
2022-12-29,388.381944751816
2022-12-30,384.99022068474835
2022-12-31,288.8406910936834
